Workbook

Sheet Matrix
A1: # | B1: Section | C1: Capability | D1: Agent | E1: Supervisor | F1: QA Manager | G1: Operation Manager | H1: Super Admin | I1: Scope today | J1: Overlap | K1: Open question | L1: Proposal | M1: Decision | N1: Note
A2: T1 | B2: Triggers (alert rules) | C2: Create an alert rule | D2: R | E2: O | F2: O | G2: — | H2: — | I2: rule.scope = agents · supervisors · campaigns · LOB · campaign types; empty = everyone. S defaults supervisorIds=['SUP-001'] but it is not enforced and S's agent picker lists every agent. QAM gets a Supervisors picker. | J2: High | K2: Can a Supervisor create rules at all, or only the QA Manager (with the Supervisor as recipient)? | L2: QAM owns platform and cross-team rules. S can create rules scoped to their own team only, enforced in the form (team locked, agent list limited).
A3: T2 | B3: Triggers (alert rules) | C3: Edit, pause or delete a rule created by the other role | D3: — | E3: E | F3: E | G3: — | H3: — | I3: Both write to the same rules[]. Saving re-stamps createdBy/createdByRole with the editor. | J3: High | K3: Should a Supervisor be able to change a QA Manager's rule that hits their team? | L3: Creator role owns edits. S sees QAM rules that affect their team read-only; S may only request a change (comment / inbox).
A4: T3 | B4: Triggers (alert rules) | C4: See the rules list | D4: — | E4: V | F4: V | G4: — | H4: — | I4: Not filtered by role: S sees every QAM rule, QAM sees every S rule. | J4: Medium | K4: Should each Supervisor see other Supervisors' team rules? | L4: S list = own rules + QAM rules affecting their team. QAM list = everything, with a "created by" filter.
A5: T4 | B5: Triggers (alert rules) | C5: Choose recipients (Agent / Supervisor / QAM) and channels (Inbox / Email / Dashboard) | D5: — | E5: O | F5: O | G5: — | H5: — | I5: delivery.recipients, defaults Agent+Supervisor (Supervisor+QAM for burnout). | J5: Low | K5: Can a Supervisor address the QA Manager as recipient? | L5: Keep. A S rule may notify QAM as escalation only.
A6: T5 | B6: Triggers (alert rules) | C6: Receive an alert | D6: R | E6: R | F6: R | G6: — | H6: — | I6: Per delivery.recipients. | J6: None | K6: Should OM receive burnout or compliance escalations? | L6: OM receives only escalations explicitly addressed to OM (new recipient).
A7: T6 | B7: Triggers (alert rules) | C7: Same agent matched by a S rule and a QAM rule on the same metric | D7: R | E7: — | F7: — | G7: — | H7: — | I7: Nothing de-duplicates; two alerts fire. | J7: High | K7: Precedence or de-duplication? | L7: QAM rule wins for the same metric + condition; the Supervisor rule is shown as "shadowed" in the list.
A8: B1 | B8: Recognition (badges) | C8: Create, edit, archive badge definitions | D8: R | E8: O | F8: O | G8: — | H8: — | I8: BadgeDefinition has no owner or scope. Auto-award badges create a linked rule always stamped QA_MANAGER. | J8: High | K8: Is the badge catalog a platform asset (QAM) or can teams have their own badges? | L8: QAM owns the catalog. S can propose a badge (draft) that QAM publishes.
A9: B2 | B9: Recognition (badges) | C9: Award a badge | D9: R | E9: — | F9: — | G9: — | H9: — | I9: System only: end of ranking program or milestone sync. No manual award UI. | J9: None | K9: Should a Supervisor be able to award a badge manually? | L9: Add a manual award for S within their team, logged with the awarding role.
A10: R1 | B10: Rankings (recognition programs) | C10: Create a ranking program | D10: V | E10: O (own team, teams locked to Team 1; no Business metrics) | F10: O (any teams, all metrics) | G10: O (as QAM, via QAM URL) | H10: — | I10: RankingProgram.teams[] by team name; createdByRole. | J10: Medium | K10: Is OM really a program owner, or only a viewer of supervisor rankings? | L10: QAM owns cross-team programs; S owns single-team programs; OM views only.
A11: R2 | B11: Rankings (recognition programs) | C11: Edit, deactivate or delete a program created by the other role | D11: — | E11: E (any program that includes Team 1) | F11: E | G11: E | H11: — | I11: programsForRole filters by team only; no edit lock. | J11: High | K11: Can a Supervisor delete a QAM program that includes their team? | L11: Creator only. S read-only on QAM programs that include their team.
A12: R3 | B12: Rankings (recognition programs) | C12: Activate a program (one active per team) | D12: — | E12: A | F12: A | G12: A | H12: — | I12: withSingleActive: activating a QAM multi-team program silently deactivates S's active Team 1 program. | J12: High | K12: Who wins when both roles want an active program for the same team? | L12: QAM program takes precedence; S is notified and their program is paused, not deleted.
A13: R4 | B13: Rankings (recognition programs) | C13: View standings and react to peers | D13: A | E13: V | F13: V | G13: V | H13: — | I13: Agent page is read-only plus reactions. | J13: None | K13: — | L13: Keep.
... A39: P4 | B39: Reports, analytics, customers, campaigns | C39: Create a campaign | D39: — | E39: A (no role check) | F39: A | G39: — | H39: — | I39: "New campaign" button visible to both; model has no owner. | J39: Medium | K39: Campaign creation: QAM, OM, or an admin? | L39: QAM creates; OM assigns teams (M4).

Sheet Summary
A1: Role ownership matrix: progress
A2: Counts update as decisions are filled in on the Matrix sheet (column M).
A4: Section | B4: Capabilities | C4: High overlap | D4: Decided | E4: Open
A5: Triggers (alert rules) | B5: =COUNTIF(Matrix!$B$2:$B$39,A5) | C5: =COUNTIFS(Matrix!$B$2:$B$39,A5,Matrix!$J$2:$J$39,"High") | D5: =COUNTIFS(Matrix!$B$2:$B$39,A5,Matrix!$M$2:$M$39,"<>") | E5: =B5-D5
A6: Recognition (badges) | B6: =COUNTIF(Matrix!$B$2:$B$39,A6) | C6: =COUNTIFS(Matrix!$B$2:$B$39,A6,Matrix!$J$2:$J$39,"High") | D6: =COUNTIFS(Matrix!$B$2:$B$39,A6,Matrix!$M$2:$M$39,"<>") | E6: =B6-D6
A7: Rankings (recognition programs) | B7: =COUNTIF(Matrix!$B$2:$B$39,A7) | C7: =COUNTIFS(Matrix!$B$2:$B$39,A7,Matrix!$J$2:$J$39,"High") | D7: =COUNTIFS(Matrix!$B$2:$B$39,A7,Matrix!$M$2:$M$39,"<>") | E7: =B7-D7
A8: Coaching | B8: =COUNTIF(Matrix!$B$2:$B$39,A8) | C8: =COUNTIFS(Matrix!$B$2:$B$39,A8,Matrix!$J$2:$J$39,"High") | D8: =COUNTIFS(Matrix!$B$2:$B$39,A8,Matrix!$M$2:$M$39,"<>") | E8: =B8-D8
A9: Learning (LMS) | B9: =COUNTIF(Matrix!$B$2:$B$39,A9) | C9: =COUNTIFS(Matrix!$B$2:$B$39,A9,Matrix!$J$2:$J$39,"High") | D9: =COUNTIFS(Matrix!$B$2:$B$39,A9,Matrix!$M$2:$M$39,"<>") | E9: =B9-D9
A10: Disputes | B10: =COUNTIF(Matrix!$B$2:$B$39,A10) | C10: =COUNTIFS(Matrix!$B$2:$B$39,A10,Matrix!$J$2:$J$39,"High") | D10: =COUNTIFS(Matrix!$B$2:$B$39,A10,Matrix!$M$2:$M$39,"<>") | E10: =B10-D10
A11: Teams and roster | B11: =COUNTIF(Matrix!$B$2:$B$39,A11) | C11: =COUNTIFS(Matrix!$B$2:$B$39,A11,Matrix!$J$2:$J$39,"High") | D11: =COUNTIFS(Matrix!$B$2:$B$39,A11,Matrix!$M$2:$M$39,"<>") | E11: =B11-D11
A12: Settings and thresholds | B12: =COUNTIF(Matrix!$B$2:$B$39,A12) | C12: =COUNTIFS(Matrix!$B$2:$B$39,A12,Matrix!$J$2:$J$39,"High") | D12: =COUNTIFS(Matrix!$B$2:$B$39,A12,Matrix!$M$2:$M$39,"<>") | E12: =B12-D12
A13: Reports, analytics, customers, campaigns | B13: =COUNTIF(Matrix!$B$2:$B$39,A13) | C13: =COUNTIFS(Matrix!$B$2:$B$39,A13,Matrix!$J$2:$J$39,"High") | D13: =COUNTIFS(Matrix!$B$2:$B$39,A13,Matrix!$M$2:$M$39,"<>") | E13: =B13-D13
A14: Total | B14: =SUM(B5:B13) | C14: =SUM(C5:C13) | D14: =SUM(D5:D13) | E14: =SUM(E5:E13)

Sheet Legend
A1: Code | B1: Meaning
A2: O | B2: Owns: creates and configures it
A3: E | B3: Can edit items created by another role
A4: A | B4: Acts: performs the action (open, acknowledge, resolve, award)
A5: V | B5: Views only
A6: R | B6: Receives / is affected by it
A7: — | B7: No access
A9: How to use | B9: Go section by section, High overlap rows first. Read Scope today, then Overlap, then the Open question. Discuss the Proposal and fill the yellow Decision and Note cells on the Matrix sheet.
A10: Roles | B10: S = Supervisor · QAM = QA Manager · OM = Operation Manager · SA = Super Admin
A11: Personas in the mock | B11: SUP-001 Maria García (Team 1), QAM-001 Elena Ruiz, OPM-001 Sofía Navarro, AGT-004 John Smith
A12: Source | B12: Snapshot of the mock repository on 2026-10-21 (branch feature/coaching-agent-post-coaching). Proposals are a starting point, not a decision.
A13: Yellow cells | B13: The only cells to fill in: Decision (dropdown) and Note on the Matrix sheet.

Sheet Mock inconsistencies
A1: # | B1: Inconsistency to fix (for developers)
A2: 1 | B2: TriggersPage stamps QAM rules as "Laura Gómez" (SUP-003's name); the QAM persona is Elena Ruiz.
A3: 2 | B3: The Supervisor's trigger agent picker lists every agent; the supervisorIds=['SUP-001'] default is not enforced.
A4: 3 | B4: roleFromPath knows only supervisor and qa-manager; the Operation Manager reaches QA Manager pages and is recorded as QA_MANAGER.
A5: 4 | B5: The legacy /qa/qamanager/disputes path is scoped as agent.
A6: 5 | B6: QA Manager Settings and Super Admin Global config keep separate scales and emotion mappings.
A7: 6 | B7: getSuperAdminNavigation() is never rendered; the Super Admin Coaching and LMS entries open a placeholder.
